{
    "train": {
        "box_loss": 1.52536,
        "cls_loss": 0.79537,
        "dfl_loss": 1.10122
    },
    "metrics": {
        "precision(B)": 0.731718973203272,
        "recall(B)": 0.6356953236675515,
        "mAP50(B)": 0.7033140205747479,
        "mAP50-95(B)": 0.40016167584871554
    },
    "val": {
        "box_loss": 1.52266,
        "cls_loss": 0.8042,
        "dfl_loss": 1.07076
    },
    "lr": {
        "pg0": 0.0001990000000000001,
        "pg1": 0.0001990000000000001,
        "pg2": 0.0001990000000000001
    },
    "model": {
        "parameters": 25856899,
        "GFLOPs": 79.066,
        "speed_PyTorch(ms)": 13.354
    },
    "step": 99
}
